,Img_ID_x,Value
0,H2B_monastrol_500um_day1_2024-04-15_Protocol 59_17.49.29.ims,0.2854757169910599
0,H2B_monastrol_500um_day1_2024-04-15_Protocol 59_17.49.41.ims,0.2851397468939546
0,H2B_monastrol_500um_day1_2024-04-15_Protocol 59_17.49.54.ims,0.2864489606941481
0,H2B_monastrol_500um_day1_2024-04-15_Protocol 59_17.50.07.ims,0.2872928032843706
0,H2B_monastrol_500um_day1_2024-04-15_Protocol 59_17.50.20.ims,0.2872149644660747
0,H2B_monastrol_500um_day1_2024-04-15_Protocol 59_17.50.33.ims,0.2893127290670029
0,H2B_monastrol_500um_day1_2024-04-15_Protocol 59_17.50.45.ims,0.29019396612258896
0,H2B_monastrol_500um_day1_2024-04-15_Protocol 59_17.50.58.ims,0.2922587911819544
0,H2B_monastrol_500um_day1_2024-04-15_Protocol 59_17.51.11.ims,0.29460961173637223
0,H2B_monastrol_500um_day1_2024-04-15_Protocol 59_17.51.24.ims,0.30448362077225394
0,H2B_monastrol_500um_day1_2024-04-15_Protocol 59_17.51.36.ims,0.507613760017432
0,H2B_monastrol_500um_day1_2024-04-15_Protocol 59_17.51.49.ims,0.8139613431416256
0,H2B_monastrol_500um_day1_2024-04-15_Protocol 59_17.52.02.ims,0.8248366484217665
0,H2B_monastrol_500um_day1_2024-04-15_Protocol 59_17.52.15.ims,0.5695262924894601
0,H2B_monastrol_500um_day1_2024-04-15_Protocol 59_17.52.27.ims,1.0
0,H2B_monastrol_500um_day1_2024-04-15_Protocol 59_17.52.51.ims,0.2780299626497438
0,H2B_monastrol_500um_day1_2024-04-15_Protocol 59_17.53.04.ims,0.2786075659116605
0,H2B_monastrol_500um_day1_2024-04-15_Protocol 59_17.53.17.ims,0.2767452493558316
0,H2B_monastrol_500um_day1_2024-04-15_Protocol 59_17.53.29.ims,0.276505267025925
0,H2B_monastrol_500um_day1_2024-04-15_Protocol 59_17.53.42.ims,0.27508765254682127
0,H2B_monastrol_500um_day1_2024-04-15_Protocol 59_17.53.55.ims,0.27411992254413636
0,H2B_monastrol_500um_day1_2024-04-15_Protocol 59_17.54.07.ims,0.27344651842278817
0,H2B_monastrol_500um_day1_2024-04-15_Protocol 59_17.54.20.ims,0.27182166590207063
0,H2B_monastrol_500um_day1_2024-04-15_Protocol 59_17.54.33.ims,0.2715512149292399
0,H2B_monastrol_500um_day1_2024-04-15_Protocol 59_17.54.46.ims,0.27019473031239505
0,H2B_monastrol_500um_day1_2024-04-15_Protocol 59_17.54.58.ims,0.25500333795857466
0,H2B_monastrol_500um_day1_2024-04-15_Protocol 59_17.55.11.ims,0.23836493180930396
0,H2B_monastrol_500um_day1_2024-04-15_Protocol 59_17.55.24.ims,0.23201973858513436
0,H2B_monastrol_500um_day1_2024-04-15_Protocol 59_17.55.37.ims,0.23054064892891613
0,H2B_monastrol_500um_day1_2024-04-15_Protocol 59_17.55.49.ims,0.2296759543917007
1,H2B_monastrol_500um_day1_2024-04-15_Protocol 59_21.13.15.ims,0.049565372274822106
1,H2B_monastrol_500um_day1_2024-04-15_Protocol 59_21.12.50.ims,0.0498287715991203
1,H2B_monastrol_500um_day1_2024-04-15_Protocol 59_21.13.03.ims,0.04947708427730479
1,H2B_monastrol_500um_day1_2024-04-15_Protocol 59_21.13.28.ims,0.04946608861713115
1,H2B_monastrol_500um_day1_2024-04-15_Protocol 59_21.13.41.ims,0.04994222606241839
1,H2B_monastrol_500um_day1_2024-04-15_Protocol 59_21.14.07.ims,0.052161700732963154
1,H2B_monastrol_500um_day1_2024-04-15_Protocol 59_21.13.54.ims,0.05087832767338519
1,H2B_monastrol_500um_day1_2024-04-15_Protocol 59_21.14.45.ims,1.0
1,H2B_monastrol_500um_day1_2024-04-15_Protocol 59_21.14.32.ims,0.2146112624025865
1,H2B_monastrol_500um_day1_2024-04-15_Protocol 59_21.15.11.ims,0.35149457365744524
1,H2B_monastrol_500um_day1_2024-04-15_Protocol 59_21.15.24.ims,0.06577289429684978
1,H2B_monastrol_500um_day1_2024-04-15_Protocol 59_21.14.19.ims,0.06222156245816224
1,H2B_monastrol_500um_day1_2024-04-15_Protocol 59_21.14.58.ims,0.8596778131284286
1,H2B_monastrol_500um_day1_2024-04-15_Protocol 59_21.17.03.ims,0.04701388627118148
1,H2B_monastrol_500um_day1_2024-04-15_Protocol 59_21.16.38.ims,0.047324314104522446
1,H2B_monastrol_500um_day1_2024-04-15_Protocol 59_21.15.36.ims,0.04222101799220814
1,H2B_monastrol_500um_day1_2024-04-15_Protocol 59_21.15.49.ims,0.040114597290161355
1,H2B_monastrol_500um_day1_2024-04-15_Protocol 59_21.16.50.ims,0.047105582641214304
1,H2B_monastrol_500um_day1_2024-04-15_Protocol 59_21.16.12.ims,0.04785985051696566
1,H2B_monastrol_500um_day1_2024-04-15_Protocol 59_21.16.25.ims,0.047564226884312805
1,H2B_monastrol_500um_day1_2024-04-15_Protocol 59_21.18.58.ims,0.04017664969196027
1,H2B_monastrol_500um_day1_2024-04-15_Protocol 59_21.18.20.ims,0.04604896243345354
1,H2B_monastrol_500um_day1_2024-04-15_Protocol 59_21.17.16.ims,0.04669375778166081
1,H2B_monastrol_500um_day1_2024-04-15_Protocol 59_21.17.55.ims,0.046329528458365715
1,H2B_monastrol_500um_day1_2024-04-15_Protocol 59_21.18.07.ims,0.046233791491773826
1,H2B_monastrol_500um_day1_2024-04-15_Protocol 59_21.18.46.ims,0.043522073226735486
1,H2B_monastrol_500um_day1_2024-04-15_Protocol 59_21.17.42.ims,0.04644814237640101
1,H2B_monastrol_500um_day1_2024-04-15_Protocol 59_21.18.33.ims,0.045838082803328364
1,H2B_monastrol_500um_day1_2024-04-15_Protocol 59_21.17.29.ims,0.046725915803850396
1,H2B_monastrol_500um_day1_2024-04-15_Protocol 59_21.19.11.ims,0.03918902251589588
2,H2B_monastrol_500um_day1_2024-04-15_Protocol 59_21.19.11.ims,0.05570792072370604
2,H2B_monastrol_500um_day1_2024-04-15_Protocol 59_21.20.42.ims,0.05429017408086126
2,H2B_monastrol_500um_day1_2024-04-15_Protocol 59_21.20.55.ims,0.05427840228575247
2,H2B_monastrol_500um_day1_2024-04-15_Protocol 59_21.22.12.ims,0.054002123813710466
2,H2B_monastrol_500um_day1_2024-04-15_Protocol 59_21.21.21.ims,0.054309869268092885
2,H2B_monastrol_500um_day1_2024-04-15_Protocol 59_21.21.34.ims,0.05405991826405743
2,H2B_monastrol_500um_day1_2024-04-15_Protocol 59_21.22.00.ims,0.05403505417945955
2,H2B_monastrol_500um_day1_2024-04-15_Protocol 59_21.21.08.ims,0.05406013443645906
2,H2B_monastrol_500um_day1_2024-04-15_Protocol 59_21.21.47.ims,0.054052876169342026
2,H2B_monastrol_500um_day1_2024-04-15_Protocol 59_21.23.03.ims,0.05390062943877099
2,H2B_monastrol_500um_day1_2024-04-15_Protocol 59_21.22.25.ims,0.05397943357024237
2,H2B_monastrol_500um_day1_2024-04-15_Protocol 59_21.22.38.ims,0.05400760005217567
2,H2B_monastrol_500um_day1_2024-04-15_Protocol 59_21.23.29.ims,0.05380267167374392
2,H2B_monastrol_500um_day1_2024-04-15_Protocol 59_21.23.52.ims,0.05402031686599796
2,H2B_monastrol_500um_day1_2024-04-15_Protocol 59_21.22.51.ims,0.053899129704021866
2,H2B_monastrol_500um_day1_2024-04-15_Protocol 59_21.23.16.ims,0.053742808061739596
2,H2B_monastrol_500um_day1_2024-04-15_Protocol 59_21.25.47.ims,0.07027286282615086
2,H2B_monastrol_500um_day1_2024-04-15_Protocol 59_21.24.18.ims,0.05457879207155609
2,H2B_monastrol_500um_day1_2024-04-15_Protocol 59_21.24.56.ims,0.559554839595538
2,H2B_monastrol_500um_day1_2024-04-15_Protocol 59_21.24.05.ims,0.054415625808666705
2,H2B_monastrol_500um_day1_2024-04-15_Protocol 59_21.25.35.ims,0.07734214393095651
2,H2B_monastrol_500um_day1_2024-04-15_Protocol 59_21.25.22.ims,0.5179570872003897
2,H2B_monastrol_500um_day1_2024-04-15_Protocol 59_21.24.43.ims,0.12696934470418567
2,H2B_monastrol_500um_day1_2024-04-15_Protocol 59_21.25.09.ims,1.0
2,H2B_monastrol_500um_day1_2024-04-15_Protocol 59_21.24.30.ims,0.058162557105398395
2,H2B_monastrol_500um_day1_2024-04-15_Protocol 59_21.26.00.ims,0.06883992666536322
2,H2B_monastrol_500um_day1_2024-04-15_Protocol 59_21.26.13.ims,0.06789919791330545
2,H2B_monastrol_500um_day1_2024-04-15_Protocol 59_21.26.26.ims,0.0674399407687155
2,H2B_monastrol_500um_day1_2024-04-15_Protocol 59_21.26.38.ims,0.06705397617232464
2,H2B_monastrol_500um_day1_2024-04-15_Protocol 59_21.26.51.ims,0.06652183513209138
3,H2B_monastrol_500um_day1_2024-04-15_Protocol 59_21.36.03.ims,0.03977286035134224
3,H2B_monastrol_500um_day1_2024-04-15_Protocol 59_21.36.55.ims,0.042362911446069594
3,H2B_monastrol_500um_day1_2024-04-15_Protocol 59_21.37.20.ims,0.0390784890137756
3,H2B_monastrol_500um_day1_2024-04-15_Protocol 59_21.36.29.ims,0.03936053885040721
3,H2B_monastrol_500um_day1_2024-04-15_Protocol 59_21.37.08.ims,0.03920943817609082
3,H2B_monastrol_500um_day1_2024-04-15_Protocol 59_21.36.42.ims,0.03920568188120706
3,H2B_monastrol_500um_day1_2024-04-15_Protocol 59_21.36.16.ims,0.03950000871450859
3,H2B_monastrol_500um_day1_2024-04-15_Protocol 59_21.35.50.ims,0.04230922992468108
3,H2B_monastrol_500um_day1_2024-04-15_Protocol 59_21.38.25.ims,0.038915272295657284
3,H2B_monastrol_500um_day1_2024-04-15_Protocol 59_21.38.50.ims,0.038813921344794715
3,H2B_monastrol_500um_day1_2024-04-15_Protocol 59_21.37.46.ims,0.03900740708420711
3,H2B_monastrol_500um_day1_2024-04-15_Protocol 59_21.38.12.ims,0.03888484223959926
3,H2B_monastrol_500um_day1_2024-04-15_Protocol 59_21.37.59.ims,0.039098803471446536
3,H2B_monastrol_500um_day1_2024-04-15_Protocol 59_21.37.33.ims,0.03891766614198469
3,H2B_monastrol_500um_day1_2024-04-15_Protocol 59_21.38.37.ims,0.03888637661508277
3,H2B_monastrol_500um_day1_2024-04-15_Protocol 59_21.40.56.ims,0.04845071495084743
3,H2B_monastrol_500um_day1_2024-04-15_Protocol 59_21.39.39.ims,0.5108279109055315
3,H2B_monastrol_500um_day1_2024-04-15_Protocol 59_21.39.52.ims,1.0
3,H2B_monastrol_500um_day1_2024-04-15_Protocol 59_21.39.13.ims,0.04761012568553481
3,H2B_monastrol_500um_day1_2024-04-15_Protocol 59_21.40.18.ims,0.061815021513582334
3,H2B_monastrol_500um_day1_2024-04-15_Protocol 59_21.40.43.ims,0.04943163570769904
3,H2B_monastrol_500um_day1_2024-04-15_Protocol 59_21.40.05.ims,0.5375475291242847
3,H2B_monastrol_500um_day1_2024-04-15_Protocol 59_21.39.26.ims,0.13322275866935016
3,H2B_monastrol_500um_day1_2024-04-15_Protocol 59_21.40.30.ims,0.05100363152182368
3,H2B_monastrol_500um_day1_2024-04-15_Protocol 59_21.41.09.ims,0.04821734352926544
3,H2B_monastrol_500um_day1_2024-04-15_Protocol 59_21.41.22.ims,0.04784577195860848
3,H2B_monastrol_500um_day1_2024-04-15_Protocol 59_21.41.35.ims,0.0475239408025641
3,H2B_monastrol_500um_day1_2024-04-15_Protocol 59_21.41.47.ims,0.04754865995276472
3,H2B_monastrol_500um_day1_2024-04-15_Protocol 59_21.42.00.ims,0.04720472207317514
3,H2B_monastrol_500um_day1_2024-04-15_Protocol 59_21.42.13.ims,0.04702359143188369
4,H2B_monastrol_500um_day1_2024-04-15_Protocol 59_18.28.39.ims,0.663344830816881
4,H2B_monastrol_500um_day1_2024-04-15_Protocol 59_18.28.01.ims,0.6669512284411151
4,H2B_monastrol_500um_day1_2024-04-15_Protocol 59_18.28.13.ims,0.6653154167119397
4,H2B_monastrol_500um_day1_2024-04-15_Protocol 59_18.28.52.ims,0.6624246231326918
4,H2B_monastrol_500um_day1_2024-04-15_Protocol 59_18.29.04.ims,0.6637915834667477
4,H2B_monastrol_500um_day1_2024-04-15_Protocol 59_18.29.17.ims,0.6630784454158422
4,H2B_monastrol_500um_day1_2024-04-15_Protocol 59_18.28.26.ims,0.6664269929237434
4,H2B_monastrol_500um_day1_2024-04-15_Protocol 59_18.27.47.ims,0.6663120649362388
4,H2B_monastrol_500um_day1_2024-04-15_Protocol 59_18.30.46.ims,0.6617576487212202
4,H2B_monastrol_500um_day1_2024-04-15_Protocol 59_18.29.56.ims,0.6629792084608933
4,H2B_monastrol_500um_day1_2024-04-15_Protocol 59_18.30.21.ims,0.6608743887371004
4,H2B_monastrol_500um_day1_2024-04-15_Protocol 59_18.30.08.ims,0.6612771616944404
4,H2B_monastrol_500um_day1_2024-04-15_Protocol 59_18.29.43.ims,0.6618167879696558
4,H2B_monastrol_500um_day1_2024-04-15_Protocol 59_18.29.30.ims,0.6621581518703537
4,H2B_monastrol_500um_day1_2024-04-15_Protocol 59_18.30.34.ims,0.6623103292716558
4,H2B_monastrol_500um_day1_2024-04-15_Protocol 59_18.32.52.ims,0.8398363437584044
4,H2B_monastrol_500um_day1_2024-04-15_Protocol 59_18.31.35.ims,0.6773162227145022
4,H2B_monastrol_500um_day1_2024-04-15_Protocol 59_18.32.26.ims,0.9937876121657959
4,H2B_monastrol_500um_day1_2024-04-15_Protocol 59_18.31.22.ims,0.6672461322650435
4,H2B_monastrol_500um_day1_2024-04-15_Protocol 59_18.32.01.ims,0.731140942598968
4,H2B_monastrol_500um_day1_2024-04-15_Protocol 59_18.32.39.ims,0.8467205003263593
4,H2B_monastrol_500um_day1_2024-04-15_Protocol 59_18.31.48.ims,0.6871195094888823
4,H2B_monastrol_500um_day1_2024-04-15_Protocol 59_18.31.09.ims,0.6635925953483974
4,H2B_monastrol_500um_day1_2024-04-15_Protocol 59_18.32.13.ims,1.0
4,H2B_monastrol_500um_day1_2024-04-15_Protocol 59_18.33.05.ims,0.8337171945799896
4,H2B_monastrol_500um_day1_2024-04-15_Protocol 59_18.33.17.ims,0.8272502347083376
4,H2B_monastrol_500um_day1_2024-04-15_Protocol 59_18.33.30.ims,0.8309751425110499
4,H2B_monastrol_500um_day1_2024-04-15_Protocol 59_18.33.43.ims,0.8169887397558596
4,H2B_monastrol_500um_day1_2024-04-15_Protocol 59_18.33.55.ims,0.8156963737041395
4,H2B_monastrol_500um_day1_2024-04-15_Protocol 59_18.34.08.ims,0.8095803140934886
5,H2B_monastrol_500um_day1_2024-04-15_Protocol 59_18.43.34.ims,0.03822863627941798
5,H2B_monastrol_500um_day1_2024-04-15_Protocol 59_18.43.47.ims,0.04274966296018433
5,H2B_monastrol_500um_day1_2024-04-15_Protocol 59_18.43.21.ims,0.037302545384261705
5,H2B_monastrol_500um_day1_2024-04-15_Protocol 59_18.44.00.ims,0.13523452982783082
5,H2B_monastrol_500um_day1_2024-04-15_Protocol 59_18.44.13.ims,1.0
5,H2B_monastrol_500um_day1_2024-04-15_Protocol 59_18.43.08.ims,0.03717436935305945
5,H2B_monastrol_500um_day1_2024-04-15_Protocol 59_18.44.39.ims,0.28494189845954715
5,H2B_monastrol_500um_day1_2024-04-15_Protocol 59_18.45.04.ims,0.034560291880932036
5,H2B_monastrol_500um_day1_2024-04-15_Protocol 59_18.45.17.ims,0.02936969405734036
5,H2B_monastrol_500um_day1_2024-04-15_Protocol 59_18.45.30.ims,0.028698657805773638
5,H2B_monastrol_500um_day1_2024-04-15_Protocol 59_18.44.51.ims,0.04975895289610067
5,H2B_monastrol_500um_day1_2024-04-15_Protocol 59_18.44.25.ims,0.9079341222335423
5,H2B_monastrol_500um_day1_2024-04-15_Protocol 59_18.45.42.ims,0.028687351266130326
5,H2B_monastrol_500um_day1_2024-04-15_Protocol 59_18.45.55.ims,0.02855002440102553
5,H2B_monastrol_500um_day1_2024-04-15_Protocol 59_18.46.44.ims,0.03521122077254802
5,H2B_monastrol_500um_day1_2024-04-15_Protocol 59_18.47.35.ims,0.03467597103518772
5,H2B_monastrol_500um_day1_2024-04-15_Protocol 59_18.46.08.ims,0.028466418163189285
5,H2B_monastrol_500um_day1_2024-04-15_Protocol 59_18.47.23.ims,0.034902189690318365
5,H2B_monastrol_500um_day1_2024-04-15_Protocol 59_18.46.31.ims,0.035373263131136604
5,H2B_monastrol_500um_day1_2024-04-15_Protocol 59_18.46.57.ims,0.03503339727866529
5,H2B_monastrol_500um_day1_2024-04-15_Protocol 59_18.47.10.ims,0.034868375956681415
5,H2B_monastrol_500um_day1_2024-04-15_Protocol 59_18.49.30.ims,0.03325981447428271
5,H2B_monastrol_500um_day1_2024-04-15_Protocol 59_18.48.52.ims,0.03376231740541221
5,H2B_monastrol_500um_day1_2024-04-15_Protocol 59_18.48.01.ims,0.0343630191666969
5,H2B_monastrol_500um_day1_2024-04-15_Protocol 59_18.48.14.ims,0.03431247455991946
5,H2B_monastrol_500um_day1_2024-04-15_Protocol 59_18.48.39.ims,0.03399705945779401
5,H2B_monastrol_500um_day1_2024-04-15_Protocol 59_18.47.48.ims,0.03442825272121053
5,H2B_monastrol_500um_day1_2024-04-15_Protocol 59_18.49.18.ims,0.03346367460546863
5,H2B_monastrol_500um_day1_2024-04-15_Protocol 59_18.49.05.ims,0.0335770725307667
5,H2B_monastrol_500um_day1_2024-04-15_Protocol 59_18.48.26.ims,0.03411025209202413
6,H2B_monastrol_500um_day1_2024-04-15_Protocol 59_18.59.20.ims,0.8025256482541352
6,H2B_monastrol_500um_day1_2024-04-15_Protocol 59_18.58.54.ims,0.07944287889662938
6,H2B_monastrol_500um_day1_2024-04-15_Protocol 59_18.58.27.ims,0.05220147156563367
6,H2B_monastrol_500um_day1_2024-04-15_Protocol 59_18.58.41.ims,0.055282275952085715
6,H2B_monastrol_500um_day1_2024-04-15_Protocol 59_18.59.07.ims,1.0
6,H2B_monastrol_500um_day1_2024-04-15_Protocol 59_19.00.11.ims,0.04560183657298899
6,H2B_monastrol_500um_day1_2024-04-15_Protocol 59_19.00.49.ims,0.04403940116632975
6,H2B_monastrol_500um_day1_2024-04-15_Protocol 59_19.00.37.ims,0.04431468569956697
6,H2B_monastrol_500um_day1_2024-04-15_Protocol 59_18.59.46.ims,0.07523984952156602
6,H2B_monastrol_500um_day1_2024-04-15_Protocol 59_19.01.02.ims,0.04391998402849853
6,H2B_monastrol_500um_day1_2024-04-15_Protocol 59_18.59.58.ims,0.057016951564518005
6,H2B_monastrol_500um_day1_2024-04-15_Protocol 59_19.00.24.ims,0.044721969138486244
6,H2B_monastrol_500um_day1_2024-04-15_Protocol 59_18.59.33.ims,0.206970811775536
6,H2B_monastrol_500um_day1_2024-04-15_Protocol 59_19.01.28.ims,0.04358190561244549
6,H2B_monastrol_500um_day1_2024-04-15_Protocol 59_19.02.04.ims,0.048556875290602666
6,H2B_monastrol_500um_day1_2024-04-15_Protocol 59_19.01.15.ims,0.043847823183340434
6,H2B_monastrol_500um_day1_2024-04-15_Protocol 59_19.02.29.ims,0.048026924966782146
6,H2B_monastrol_500um_day1_2024-04-15_Protocol 59_19.02.16.ims,0.04809830740747425
6,H2B_monastrol_500um_day1_2024-04-15_Protocol 59_19.02.42.ims,0.04765287277135443
6,H2B_monastrol_500um_day1_2024-04-15_Protocol 59_19.01.51.ims,0.048890348876471486
6,H2B_monastrol_500um_day1_2024-04-15_Protocol 59_19.04.37.ims,0.04613664535856606
6,H2B_monastrol_500um_day1_2024-04-15_Protocol 59_19.03.20.ims,0.04693005347126846
6,H2B_monastrol_500um_day1_2024-04-15_Protocol 59_19.03.08.ims,0.04724187926601349
6,H2B_monastrol_500um_day1_2024-04-15_Protocol 59_19.04.24.ims,0.046099564776005166
6,H2B_monastrol_500um_day1_2024-04-15_Protocol 59_19.02.55.ims,0.047487083271429656
6,H2B_monastrol_500um_day1_2024-04-15_Protocol 59_19.03.59.ims,0.04661699074524688
6,H2B_monastrol_500um_day1_2024-04-15_Protocol 59_19.03.33.ims,0.0469250010513721
6,H2B_monastrol_500um_day1_2024-04-15_Protocol 59_19.04.12.ims,0.046575044634680575
6,H2B_monastrol_500um_day1_2024-04-15_Protocol 59_19.03.46.ims,0.046681151765366136
6,H2B_monastrol_500um_day1_2024-04-15_Protocol 59_19.04.50.ims,0.045881651948628206
7,H2B_monastrol_500um_day1_2024-04-15_Protocol 59_19.37.51.ims,0.9947260302995401
7,H2B_monastrol_500um_day1_2024-04-15_Protocol 59_19.37.00.ims,0.9993689753714753
7,H2B_monastrol_500um_day1_2024-04-15_Protocol 59_19.37.38.ims,0.9969915943574401
7,H2B_monastrol_500um_day1_2024-04-15_Protocol 59_19.36.47.ims,0.9983240518805183
7,H2B_monastrol_500um_day1_2024-04-15_Protocol 59_19.37.13.ims,1.0
7,H2B_monastrol_500um_day1_2024-04-15_Protocol 59_19.37.25.ims,0.9932308755813551
7,H2B_monastrol_500um_day1_2024-04-15_Protocol 59_19.38.17.ims,0.9966149752300014
7,H2B_monastrol_500um_day1_2024-04-15_Protocol 59_19.38.42.ims,0.995943487846159
7,H2B_monastrol_500um_day1_2024-04-15_Protocol 59_19.39.08.ims,0.9940325682333337
7,H2B_monastrol_500um_day1_2024-04-15_Protocol 59_19.38.55.ims,0.9915177833730674
7,H2B_monastrol_500um_day1_2024-04-15_Protocol 59_19.39.20.ims,0.9902719377349263
7,H2B_monastrol_500um_day1_2024-04-15_Protocol 59_19.38.29.ims,0.9954315490869245
7,H2B_monastrol_500um_day1_2024-04-15_Protocol 59_19.38.04.ims,0.994346914277466
7,H2B_monastrol_500um_day1_2024-04-15_Protocol 59_19.39.33.ims,0.9915094056061579
7,H2B_monastrol_500um_day1_2024-04-15_Protocol 59_19.40.48.ims,0.9959818757172023
7,H2B_monastrol_500um_day1_2024-04-15_Protocol 59_19.41.13.ims,0.9965736899851028
7,H2B_monastrol_500um_day1_2024-04-15_Protocol 59_19.40.22.ims,0.998622343588319
7,H2B_monastrol_500um_day1_2024-04-15_Protocol 59_19.39.46.ims,0.9885367840020064
7,H2B_monastrol_500um_day1_2024-04-15_Protocol 59_19.40.35.ims,0.9957479398717342
7,H2B_monastrol_500um_day1_2024-04-15_Protocol 59_19.40.09.ims,0.9949048952283203
7,H2B_monastrol_500um_day1_2024-04-15_Protocol 59_19.41.00.ims,0.9968109258367605
7,H2B_monastrol_500um_day1_2024-04-15_Protocol 59_19.43.08.ims,0.9966708966267535
7,H2B_monastrol_500um_day1_2024-04-15_Protocol 59_19.41.39.ims,0.9978279959261933
7,H2B_monastrol_500um_day1_2024-04-15_Protocol 59_19.42.17.ims,0.999589978896037
7,H2B_monastrol_500um_day1_2024-04-15_Protocol 59_19.42.43.ims,0.9975769464122631
7,H2B_monastrol_500um_day1_2024-04-15_Protocol 59_19.42.04.ims,0.9943432295815597
7,H2B_monastrol_500um_day1_2024-04-15_Protocol 59_19.42.30.ims,0.9941494198879072
7,H2B_monastrol_500um_day1_2024-04-15_Protocol 59_19.42.55.ims,0.9981092995638537
7,H2B_monastrol_500um_day1_2024-04-15_Protocol 59_19.41.52.ims,0.9949092079158349
7,H2B_monastrol_500um_day1_2024-04-15_Protocol 59_19.41.26.ims,0.9975516595227298
8,H2B_monastrol_500um_day1_2024-04-15_Protocol 59_19.14.26.ims,0.9951634973678452
8,H2B_monastrol_500um_day1_2024-04-15_Protocol 59_19.14.00.ims,0.9988054747408956
8,H2B_monastrol_500um_day1_2024-04-15_Protocol 59_19.14.39.ims,0.9957002314050497
8,H2B_monastrol_500um_day1_2024-04-15_Protocol 59_19.13.48.ims,1.0
8,H2B_monastrol_500um_day1_2024-04-15_Protocol 59_19.14.13.ims,0.9967262025480761
8,H2B_monastrol_500um_day1_2024-04-15_Protocol 59_19.14.52.ims,0.9923585153592719
8,H2B_monastrol_500um_day1_2024-04-15_Protocol 59_19.16.08.ims,0.9939548474129469
8,H2B_monastrol_500um_day1_2024-04-15_Protocol 59_19.15.17.ims,0.9911500319830283
8,H2B_monastrol_500um_day1_2024-04-15_Protocol 59_19.15.42.ims,0.9900170637743532
8,H2B_monastrol_500um_day1_2024-04-15_Protocol 59_19.15.04.ims,0.9917180571233782
8,H2B_monastrol_500um_day1_2024-04-15_Protocol 59_19.15.30.ims,0.9932754398587529
8,H2B_monastrol_500um_day1_2024-04-15_Protocol 59_19.15.55.ims,0.9910966402219848
8,H2B_monastrol_500um_day1_2024-04-15_Protocol 59_19.17.10.ims,0.9940503439469831
8,H2B_monastrol_500um_day1_2024-04-15_Protocol 59_19.17.35.ims,0.9912067098199117
8,H2B_monastrol_500um_day1_2024-04-15_Protocol 59_19.16.46.ims,0.9914084505134304
8,H2B_monastrol_500um_day1_2024-04-15_Protocol 59_19.17.48.ims,0.9973840766923899
8,H2B_monastrol_500um_day1_2024-04-15_Protocol 59_19.17.22.ims,0.995538969324617
8,H2B_monastrol_500um_day1_2024-04-15_Protocol 59_19.16.21.ims,0.9923785554318733
8,H2B_monastrol_500um_day1_2024-04-15_Protocol 59_19.16.34.ims,0.9931548104950076
8,H2B_monastrol_500um_day1_2024-04-15_Protocol 59_19.19.43.ims,0.9944632806906968
8,H2B_monastrol_500um_day1_2024-04-15_Protocol 59_19.18.52.ims,0.9970190698377956
8,H2B_monastrol_500um_day1_2024-04-15_Protocol 59_19.19.17.ims,0.9941536645410022
8,H2B_monastrol_500um_day1_2024-04-15_Protocol 59_19.18.14.ims,0.9968260917685742
8,H2B_monastrol_500um_day1_2024-04-15_Protocol 59_19.18.01.ims,0.9918585665855104
8,H2B_monastrol_500um_day1_2024-04-15_Protocol 59_19.19.30.ims,0.9971330808187809
8,H2B_monastrol_500um_day1_2024-04-15_Protocol 59_19.18.39.ims,0.9963035330612039
8,H2B_monastrol_500um_day1_2024-04-15_Protocol 59_19.19.05.ims,0.9935329748618412
8,H2B_monastrol_500um_day1_2024-04-15_Protocol 59_19.18.26.ims,0.9956879023831237
8,H2B_monastrol_500um_day1_2024-04-15_Protocol 59_19.19.56.ims,0.9940169174082204
8,H2B_monastrol_500um_day1_2024-04-15_Protocol 59_19.20.08.ims,0.9966696567999938
9,H2B_monastrol_500um_day1_2024-04-15_Protocol 59_19.21.52.ims,1.0
9,H2B_monastrol_500um_day1_2024-04-15_Protocol 59_19.22.43.ims,0.9946444177640202
9,H2B_monastrol_500um_day1_2024-04-15_Protocol 59_19.21.39.ims,0.9987778618249126
9,H2B_monastrol_500um_day1_2024-04-15_Protocol 59_19.22.05.ims,0.996203369378193
9,H2B_monastrol_500um_day1_2024-04-15_Protocol 59_19.22.30.ims,0.9964913506780214
9,H2B_monastrol_500um_day1_2024-04-15_Protocol 59_19.22.18.ims,0.9965318113833005
9,H2B_monastrol_500um_day1_2024-04-15_Protocol 59_19.22.56.ims,0.9994277701303916
9,H2B_monastrol_500um_day1_2024-04-15_Protocol 59_19.21.27.ims,0.9999987219297036
9,H2B_monastrol_500um_day1_2024-04-15_Protocol 59_19.23.59.ims,0.9912793255922783
9,H2B_monastrol_500um_day1_2024-04-15_Protocol 59_19.23.34.ims,0.9955501004390809
9,H2B_monastrol_500um_day1_2024-04-15_Protocol 59_19.23.47.ims,0.9948712237658321
9,H2B_monastrol_500um_day1_2024-04-15_Protocol 59_19.24.12.ims,0.9924795409643308
9,H2B_monastrol_500um_day1_2024-04-15_Protocol 59_19.23.21.ims,0.9906826123668319
9,H2B_monastrol_500um_day1_2024-04-15_Protocol 59_19.24.25.ims,0.9919637565031266
9,H2B_monastrol_500um_day1_2024-04-15_Protocol 59_19.23.08.ims,0.9955809410548221
9,H2B_monastrol_500um_day1_2024-04-15_Protocol 59_19.26.30.ims,0.996708711607977
9,H2B_monastrol_500um_day1_2024-04-15_Protocol 59_19.25.01.ims,0.9958794770974373
9,H2B_monastrol_500um_day1_2024-04-15_Protocol 59_19.25.26.ims,0.9964771529201322
9,H2B_monastrol_500um_day1_2024-04-15_Protocol 59_19.25.52.ims,0.9948071525870177
9,H2B_monastrol_500um_day1_2024-04-15_Protocol 59_19.24.48.ims,0.9945894033825415
9,H2B_monastrol_500um_day1_2024-04-15_Protocol 59_19.25.39.ims,0.9949871119442792
9,H2B_monastrol_500um_day1_2024-04-15_Protocol 59_19.26.17.ims,0.9938482785087663
9,H2B_monastrol_500um_day1_2024-04-15_Protocol 59_19.26.04.ims,0.9925851420740923
9,H2B_monastrol_500um_day1_2024-04-15_Protocol 59_19.25.13.ims,0.9953327189188098
9,H2B_monastrol_500um_day1_2024-04-15_Protocol 59_19.26.43.ims,0.9954991967670134
9,H2B_monastrol_500um_day1_2024-04-15_Protocol 59_19.26.56.ims,0.9977046666382957
9,H2B_monastrol_500um_day1_2024-04-15_Protocol 59_19.27.08.ims,0.9946374744154943
9,H2B_monastrol_500um_day1_2024-04-15_Protocol 59_19.27.21.ims,0.9945463696231964
9,H2B_monastrol_500um_day1_2024-04-15_Protocol 59_19.27.34.ims,0.9959827882699706
9,H2B_monastrol_500um_day1_2024-04-15_Protocol 59_19.27.47.ims,0.997863323108092
10,H2B_monastrol_500um_day1_2024-04-15_Protocol 59_20.15.03.ims,1.0
10,H2B_monastrol_500um_day1_2024-04-15_Protocol 59_20.15.28.ims,0.9975889624050102
10,H2B_monastrol_500um_day1_2024-04-15_Protocol 59_20.15.16.ims,0.9948359473478415
10,H2B_monastrol_500um_day1_2024-04-15_Protocol 59_20.15.54.ims,0.9948021307399549
10,H2B_monastrol_500um_day1_2024-04-15_Protocol 59_20.16.07.ims,0.9937136962599743
10,H2B_monastrol_500um_day1_2024-04-15_Protocol 59_20.16.19.ims,0.994724833073216
10,H2B_monastrol_500um_day1_2024-04-15_Protocol 59_20.16.32.ims,0.9940261729981389
10,H2B_monastrol_500um_day1_2024-04-15_Protocol 59_20.15.41.ims,0.9957051164120113
10,H2B_monastrol_500um_day1_2024-04-15_Protocol 59_20.17.36.ims,0.9920997989715259
10,H2B_monastrol_500um_day1_2024-04-15_Protocol 59_20.17.49.ims,0.9902155467945776
10,H2B_monastrol_500um_day1_2024-04-15_Protocol 59_20.17.10.ims,0.9931255562540277
10,H2B_monastrol_500um_day1_2024-04-15_Protocol 59_20.18.01.ims,0.9903459182071859
10,H2B_monastrol_500um_day1_2024-04-15_Protocol 59_20.16.58.ims,0.9920505882790127
10,H2B_monastrol_500um_day1_2024-04-15_Protocol 59_20.17.23.ims,0.9927837395430938
10,H2B_monastrol_500um_day1_2024-04-15_Protocol 59_20.16.45.ims,0.990597011651866
10,H2B_monastrol_500um_day1_2024-04-15_Protocol 59_20.20.06.ims,0.999128330679859
10,H2B_monastrol_500um_day1_2024-04-15_Protocol 59_20.18.50.ims,0.9954201396189725
10,H2B_monastrol_500um_day1_2024-04-15_Protocol 59_20.19.15.ims,0.9936785103959473
10,H2B_monastrol_500um_day1_2024-04-15_Protocol 59_20.18.37.ims,0.9965883253750966
10,H2B_monastrol_500um_day1_2024-04-15_Protocol 59_20.19.53.ims,0.9975549333758356
10,H2B_monastrol_500um_day1_2024-04-15_Protocol 59_20.19.03.ims,0.9953841700926261
10,H2B_monastrol_500um_day1_2024-04-15_Protocol 59_20.19.28.ims,0.9950578809472634
10,H2B_monastrol_500um_day1_2024-04-15_Protocol 59_20.19.41.ims,0.9969192734360062
10,H2B_monastrol_500um_day1_2024-04-15_Protocol 59_20.18.24.ims,0.9948425316901308
10,H2B_monastrol_500um_day1_2024-04-15_Protocol 59_20.20.19.ims,0.9934156562753612
10,H2B_monastrol_500um_day1_2024-04-15_Protocol 59_20.20.32.ims,0.9961452346621772
10,H2B_monastrol_500um_day1_2024-04-15_Protocol 59_20.20.44.ims,0.9967792038433763
10,H2B_monastrol_500um_day1_2024-04-15_Protocol 59_20.20.57.ims,0.9981874837837696
10,H2B_monastrol_500um_day1_2024-04-15_Protocol 59_20.21.10.ims,0.9994766944158289
10,H2B_monastrol_500um_day1_2024-04-15_Protocol 59_20.21.23.ims,0.9986076423268954
11,H2B_monastrol_500um_day1_2024-04-15_Protocol 59_20.42.35.ims,0.13529296658450435
11,H2B_monastrol_500um_day1_2024-04-15_Protocol 59_20.43.00.ims,0.1348510018320385
11,H2B_monastrol_500um_day1_2024-04-15_Protocol 59_20.42.08.ims,0.13610918073938008
11,H2B_monastrol_500um_day1_2024-04-15_Protocol 59_20.42.22.ims,0.13585826994107797
11,H2B_monastrol_500um_day1_2024-04-15_Protocol 59_20.42.48.ims,0.13537193533518774
11,H2B_monastrol_500um_day1_2024-04-15_Protocol 59_20.44.42.ims,0.13470515594221688
11,H2B_monastrol_500um_day1_2024-04-15_Protocol 59_20.44.30.ims,0.13463530180268019
11,H2B_monastrol_500um_day1_2024-04-15_Protocol 59_20.43.39.ims,0.13490901860409985
11,H2B_monastrol_500um_day1_2024-04-15_Protocol 59_20.44.04.ims,0.13481720810559514
11,H2B_monastrol_500um_day1_2024-04-15_Protocol 59_20.44.17.ims,0.13465641229627867
11,H2B_monastrol_500um_day1_2024-04-15_Protocol 59_20.43.51.ims,0.13463828655442223
11,H2B_monastrol_500um_day1_2024-04-15_Protocol 59_20.43.13.ims,0.1351758686840146
11,H2B_monastrol_500um_day1_2024-04-15_Protocol 59_20.43.26.ims,0.13563835172742847
11,H2B_monastrol_500um_day1_2024-04-15_Protocol 59_20.45.57.ims,0.13522543716980281
11,H2B_monastrol_500um_day1_2024-04-15_Protocol 59_20.46.09.ims,0.13529284479151815
11,H2B_monastrol_500um_day1_2024-04-15_Protocol 59_20.46.22.ims,0.13521982229028806
11,H2B_monastrol_500um_day1_2024-04-15_Protocol 59_20.45.44.ims,0.13488514272178298
11,H2B_monastrol_500um_day1_2024-04-15_Protocol 59_20.44.55.ims,0.13412965724341616
11,H2B_monastrol_500um_day1_2024-04-15_Protocol 59_20.45.08.ims,0.13373958880211112
11,H2B_monastrol_500um_day1_2024-04-15_Protocol 59_20.45.31.ims,0.13550534535691688
11,H2B_monastrol_500um_day1_2024-04-15_Protocol 59_20.48.05.ims,0.16992258658450704
11,H2B_monastrol_500um_day1_2024-04-15_Protocol 59_20.47.39.ims,0.21203415523399338
11,H2B_monastrol_500um_day1_2024-04-15_Protocol 59_20.46.48.ims,0.13779850022921153
11,H2B_monastrol_500um_day1_2024-04-15_Protocol 59_20.47.14.ims,0.33202558723209413
11,H2B_monastrol_500um_day1_2024-04-15_Protocol 59_20.47.52.ims,0.1719658891044671
11,H2B_monastrol_500um_day1_2024-04-15_Protocol 59_20.46.35.ims,0.13623811106586362
11,H2B_monastrol_500um_day1_2024-04-15_Protocol 59_20.47.01.ims,0.15649960271365287
11,H2B_monastrol_500um_day1_2024-04-15_Protocol 59_20.47.26.ims,1.0
11,H2B_monastrol_500um_day1_2024-04-15_Protocol 59_20.48.18.ims,0.1689537751195407
11,H2B_monastrol_500um_day1_2024-04-15_Protocol 59_20.48.31.ims,0.16778141589102483
